{
	"format_version": "1.8.0",
	"animations": {
		"animation.bonecrusher.walk": {
			"loop": true,
			"animation_length": 2,
			"bones": {
				"head": {
					"rotation": {
						"0.0": {
							"vector": [0, 2.5, 0]
						},
						"1.0": {
							"vector": [0, 0, 0],
							"easing": "linear"
						},
						"2.0": {
							"vector": [0, 2.5, 0]
						}
					}
				},
				"bonecrusher": {
					"rotation": {
						"0.0": {
							"vector": [0, -15, 0]
						},
						"1.0": {
							"vector": [0, 0, 0],
							"easing": "linear"
						},
						"2.0": {
							"vector": [0, -15, 0]
						}
					},
					"position": {
						"0.0": {
							"vector": [0, -2, 0]
						},
						"0.7083": {
							"vector": [0, 0, 0]
						},
						"1.0": {
							"vector": [0, -2, 0],
							"easing": "linear"
						},
						"1.7083": {
							"vector": [0, 0, 0]
						},
						"2.0": {
							"vector": [0, -2, 0]
						}
					}
				},
				"body": {
					"rotation": {
						"0.0": {
							"vector": [-0.33992, -7.10328, 0.97189]
						},
						"1.0": {
							"vector": [0.13188, 2.80073, -0.34157],
							"easing": "linear"
						},
						"2.0": {
							"vector": [-0.33992, -7.10328, 0.97189]
						}
					}
				},
				"upperBody": {
					"rotation": {
						"0.0": {
							"vector": [-0.01033, 4.99526, -2.71789]
						},
						"1.0": {
							"vector": [-0.00196, -2.49764, -2.39131],
							"easing": "linear"
						},
						"2.0": {
							"vector": [-0.01033, 4.99526, -2.71789]
						}
					}
				},
				"leftArm": {
					"rotation": {
						"0.0": {
							"vector": [0, 0, 0]
						},
						"1.0": {
							"vector": [0.15109, -1.74759, -2.38889]
						},
						"2.0": {
							"vector": [0, 0, 0]
						}
					}
				},
				"hammer": {
					"rotation": {
						"0.0": {
							"vector": [9.2842, -2.32619, -0.51629]
						},
						"1.0": {
							"vector": [4.27045, -1.93087, -0.33034]
						},
						"2.0": {
							"vector": [9.2842, -2.32619, -0.51629]
						}
					}
				},
				"rightArm": {
					"rotation": {
						"0.0": {
							"vector": [-2.5, 0, 0]
						},
						"1.0": {
							"vector": [-4.95977, 0.10718, -2.49803]
						},
						"2.0": {
							"vector": [-2.5, 0, 0]
						}
					}
				},
				"neck": {
					"rotation": {
						"0.0": {
							"vector": [0.53752, 9.52439, 5.48204]
						},
						"1.0": {
							"vector": [0.45086, -0.43061, 4.52926],
							"easing": "linear"
						},
						"2.0": {
							"vector": [0.53752, 9.52439, 5.48204]
						}
					}
				},
				"leftLeg": {
					"rotation": {
						"0.0": {
							"vector": [27.43176, 0.64861, -2.41537]
						},
						"0.7083": {
							"vector": [-31.27065, 1.3648, -1.38975]
						},
						"1.0": {
							"vector": [-19.97306, 2.08098, -0.36413],
							"easing": "linear"
						},
						"2.0": {
							"vector": [27.43176, 0.64861, -2.41537]
						}
					}
				},
				"leftLegLower": {
					"rotation": {
						"0.0": {
							"vector": [12.5, 0, 0]
						},
						"0.7083": {
							"vector": [42.5, 0, 0]
						},
						"1.0": {
							"vector": [7.5, 0, 0],
							"easing": "linear"
						},
						"2.0": {
							"vector": [12.5, 0, 0]
						}
					}
				},
				"rightLeg": {
					"rotation": {
						"0.0": {
							"vector": [-20.59961, 6.50567, -8.1721]
						},
						"1.0": {
							"vector": [24.40039, 6.50567, -8.1721],
							"easing": "linear"
						},
						"1.7083": {
							"vector": [-23.09961, 6.50567, -8.1721]
						},
						"2.0": {
							"vector": [-20.59961, 6.50567, -8.1721]
						}
					}
				},
				"rightLegLower": {
					"rotation": {
						"0.0": {
							"vector": [15.04441, -2.30273, 4.4387]
						},
						"1.0": {
							"vector": [20.04441, -2.30273, 4.4387],
							"easing": "linear"
						},
						"1.7083": {
							"vector": [42.54441, -2.30273, 4.4387]
						},
						"2.0": {
							"vector": [15.04441, -2.30273, 4.4387]
						}
					}
				},
				"rightArmLower": {
					"rotation": {
						"0.0": {
							"vector": [-15, 0, 0]
						},
						"1.0": {
							"vector": [0, 0, 0]
						},
						"2.0": {
							"vector": [-15, 0, 0]
						}
					}
				}
			}
		}
	},
	"geckolib_format_version": 2
}